date,rate
1992-01-01,124.8
1992-01-02,124.35
1992-01-03,124.62
1992-01-06,123.35
1992-01-07,124.05
1992-01-08,124.3
1992-01-09,125.8
1992-01-10,126.93
1992-01-13,127.0
1992-01-14,126.88
1992-01-15,128.5
1992-01-16,128.15
1992-01-17,124.1
1992-01-20,123.3
1992-01-21,123.55
1992-01-22,123.3
1992-01-23,123.8
1992-01-24,123.5
1992-01-27,125.2
1992-01-28,125.7
1992-01-29,125.65
1992-01-30,125.7
1992-01-31,125.78
1992-02-03,126.18
1992-02-04,126.15
1992-02-05,125.45
1992-02-06,125.7
1992-02-07,125.31
1992-02-10,126.7
1992-02-11,127.35
1992-02-12,127.4
1992-02-13,127.64
1992-02-14,127.85
1992-02-17,126.93
1992-02-18,127.95
1992-02-19,128.15
1992-02-20,128.5
1992-02-21,128.88
1992-02-24,129.15
1992-02-25,129.75
1992-02-26,129.1
1992-02-27,129.05
1992-02-28,129.45
1992-03-02,129.65
1992-03-03,131.05
1992-03-04,131.55
1992-03-05,131.85
1992-03-06,131.75
1992-03-09,131.85
1992-03-10,132.8
1992-03-11,133.39
1992-03-12,134.15
1992-03-13,133.63
1992-03-16,133.77
1992-03-17,132.75
1992-03-18,132.33
1992-03-19,133.53
1992-03-20,133.8
1992-03-23,133.3
1992-03-24,133.53
1992-03-25,133.45
1992-03-26,133.95
1992-03-27,133.0
1992-03-30,132.8
1992-03-31,132.75
1992-04-01,134.5
1992-04-02,133.7
1992-04-03,133.4
1992-04-06,133.14
1992-04-07,133.28
1992-04-08,132.58
1992-04-09,132.07
1992-04-10,132.85
1992-04-13,133.07
1992-04-14,133.0
1992-04-15,133.38
1992-04-16,133.93
1992-04-17,133.9
1992-04-20,134.3
1992-04-21,134.2
1992-04-22,134.2
1992-04-23,134.55
1992-04-24,134.4
1992-04-27,133.01
1992-04-28,133.1
1992-04-29,133.55
1992-04-30,133.15
1992-05-01,132.55
1992-05-04,133.22
1992-05-05,132.82
1992-05-06,132.22
1992-05-07,132.42
1992-05-08,133.35
1992-05-11,132.9
1992-05-12,130.58
1992-05-13,129.6
1992-05-14,130.4
1992-05-15,129.73
1992-05-18,128.71
1992-05-19,129.2
1992-05-20,129.5
1992-05-21,130.22
1992-05-22,129.15
1992-05-25,129.3
1992-05-26,129.61
1992-05-27,130.07
1992-05-28,129.47
1992-05-29,127.65
1992-06-01,126.95
1992-06-02,127.63
1992-06-03,127.51
1992-06-04,127.18
1992-06-05,126.75
1992-06-08,127.2
1992-06-09,127.5
1992-06-10,127.45
1992-06-11,126.4
1992-06-12,126.6
1992-06-15,126.8
1992-06-16,126.46
1992-06-17,127.3
1992-06-18,126.82
1992-06-19,127.01
1992-06-22,127.06
1992-06-23,127.25
1992-06-24,126.32
1992-06-25,125.1
1992-06-26,125.65
1992-06-29,125.64
1992-06-30,125.55
1992-07-01,125.35
1992-07-02,124.43
1992-07-03,124.74
1992-07-06,124.22
1992-07-07,124.0
1992-07-08,124.72
1992-07-09,125.58
1992-07-10,125.25
1992-07-13,124.81
1992-07-14,125.15
1992-07-15,125.08
1992-07-16,125.39
1992-07-17,124.3
1992-07-20,125.28
1992-07-21,125.2
1992-07-22,126.58
1992-07-23,126.7
1992-07-24,128.1
1992-07-27,127.41
1992-07-28,127.4
1992-07-29,127.88
1992-07-30,127.54
1992-07-31,127.05
1992-08-03,127.15
1992-08-04,127.24
1992-08-05,127.63
1992-08-06,127.56
1992-08-07,127.5
1992-08-10,128.03
1992-08-11,127.91
1992-08-12,127.23
1992-08-13,126.43
1992-08-14,125.95
1992-08-17,125.78
1992-08-18,126.23
1992-08-19,126.62
1992-08-20,126.5
1992-08-21,125.5
1992-08-24,124.55
1992-08-25,124.56
1992-08-26,125.2
1992-08-27,124.75
1992-08-28,122.95
1992-08-31,123.05
1992-09-01,122.65
1992-09-02,123.23
1992-09-03,123.88
1992-09-04,122.95
1992-09-07,123.5
1992-09-08,122.8
1992-09-09,123.24
1992-09-10,123.75
1992-09-11,124.28
1992-09-14,124.15
1992-09-15,124.4
1992-09-16,125.05
1992-09-17,124.26
1992-09-18,124.4
1992-09-21,123.6
1992-09-22,121.0
1992-09-23,120.2
1992-09-24,120.4
1992-09-25,120.85
1992-09-28,119.55
1992-09-29,119.28
1992-09-30,119.8
1992-10-01,119.63
1992-10-02,119.33
1992-10-05,119.82
1992-10-06,119.65
1992-10-07,120.4
1992-10-08,121.85
1992-10-09,121.8
1992-10-12,120.95
1992-10-13,121.15
1992-10-14,120.8
1992-10-15,120.5
1992-10-16,119.4
1992-10-19,120.66
1992-10-20,122.4
1992-10-21,122.6
1992-10-22,120.8
1992-10-23,121.55
1992-10-26,121.88
1992-10-27,122.14
1992-10-28,123.21
1992-10-29,123.2
1992-10-30,123.43
1992-11-02,123.5
1992-11-03,122.41
1992-11-04,122.9
1992-11-05,122.85
1992-11-06,123.4
1992-11-09,124.15
1992-11-10,124.1
1992-11-11,123.91
1992-11-12,123.83
1992-11-13,124.08
1992-11-16,124.69
1992-11-17,124.32
1992-11-18,123.65
1992-11-19,123.35
1992-11-20,124.3
1992-11-23,124.01
1992-11-24,123.81
1992-11-25,123.69
1992-11-26,124.05
1992-11-27,124.35
1992-11-30,124.67
1992-12-01,124.1
1992-12-02,124.47
1992-12-03,124.59
1992-12-04,124.93
1992-12-07,123.72
1992-12-08,123.74
1992-12-09,124.01
1992-12-10,123.69
1992-12-11,123.85
1992-12-14,123.69
1992-12-15,123.93
1992-12-16,122.9
1992-12-17,122.83
1992-12-18,123.05
1992-12-21,123.0
1992-12-22,123.65
1992-12-23,123.8
1992-12-24,123.9
1992-12-25,123.65
1992-12-28,124.87
1992-12-29,124.68
1992-12-30,124.55
1992-12-31,124.8
1993-01-04,125.3
1993-01-05,124.8
1993-01-06,125.09
1993-01-07,125.18
1993-01-08,125.37
1993-01-11,125.14
1993-01-12,125.22
1993-01-13,125.57
1993-01-14,125.84
1993-01-15,126.02
1993-01-18,125.46
1993-01-19,125.4
1993-01-20,124.64
1993-01-21,124.88
1993-01-22,125.07
1993-01-25,123.3
1993-01-26,123.57
1993-01-27,124.05
1993-01-28,124.2
1993-01-29,124.6
1993-02-01,125.06
1993-02-02,124.62
1993-02-03,124.39
1993-02-04,124.69
1993-02-05,124.4
1993-02-08,123.77
1993-02-09,121.15
1993-02-10,121.15
1993-02-11,121.2
1993-02-12,120.6
1993-02-15,120.97
1993-02-16,119.97
1993-02-17,119.61
1993-02-18,119.13
1993-02-19,118.2
1993-02-22,116.27
1993-02-23,117.0
1993-02-24,117.56
1993-02-25,117.3
1993-02-26,118.15
1993-03-01,118.77
1993-03-02,117.55
1993-03-03,116.63
1993-03-04,116.75
1993-03-05,117.55
1993-03-08,116.75
1993-03-09,117.69
1993-03-10,117.98
1993-03-11,117.59
1993-03-12,118.0
1993-03-15,118.6
1993-03-16,117.05
1993-03-17,117.19
1993-03-18,115.66
1993-03-19,116.05
1993-03-22,115.59
1993-03-23,115.89
1993-03-24,117.55
1993-03-25,117.27
1993-03-26,116.45
1993-03-29,116.75
1993-03-30,116.55
1993-03-31,114.73
1993-04-01,114.1
1993-04-02,113.63
1993-04-05,113.63
1993-04-06,113.93
1993-04-07,113.5
1993-04-08,113.3
1993-04-09,113.1
1993-04-12,112.72
1993-04-13,113.47
1993-04-14,113.67
1993-04-15,113.2
1993-04-16,112.2
1993-04-19,111.0
1993-04-20,110.43
1993-04-21,110.6
1993-04-22,109.8
1993-04-23,110.65
1993-04-26,110.53
1993-04-27,111.88
1993-04-28,111.92
1993-04-29,111.12
1993-04-30,111.05
1993-05-03,110.76
1993-05-04,110.04
1993-05-05,110.19
1993-05-06,109.82
1993-05-07,110.3
1993-05-10,111.62
1993-05-11,111.35
1993-05-12,111.4
1993-05-13,111.85
1993-05-14,110.65
1993-05-17,111.3
1993-05-18,111.41
1993-05-19,110.7
1993-05-20,110.65
1993-05-21,110.4
1993-05-24,110.63
1993-05-25,109.2
1993-05-26,108.47
1993-05-27,107.32
1993-05-28,106.9
1993-05-31,107.12
1993-06-01,106.9
1993-06-02,107.05
1993-06-03,107.15
1993-06-04,107.76
1993-06-07,107.19
1993-06-08,106.13
1993-06-09,106.42
1993-06-10,105.95
1993-06-11,106.05
1993-06-14,105.04
1993-06-15,105.9
1993-06-16,106.6
1993-06-17,107.21
1993-06-18,109.5
1993-06-21,110.62
1993-06-22,110.91
1993-06-23,108.67
1993-06-24,108.5
1993-06-25,106.2
1993-06-28,106.25
1993-06-29,106.34
1993-06-30,107.31
1993-07-01,107.57
1993-07-02,108.5
1993-07-05,109.04
1993-07-06,108.91
1993-07-07,107.48
1993-07-08,108.48
1993-07-09,109.9
1993-07-12,109.35
1993-07-13,107.8
1993-07-14,107.03
1993-07-15,108.21
1993-07-16,107.5
1993-07-19,108.4
1993-07-20,108.14
1993-07-21,108.1
1993-07-22,105.52
1993-07-23,106.9
1993-07-26,106.7
1993-07-27,106.15
1993-07-28,106.0
1993-07-29,106.43
1993-07-30,105.0
1993-08-02,104.21
1993-08-03,104.36
1993-08-04,104.85
1993-08-05,104.29
1993-08-06,104.41
1993-08-09,104.89
1993-08-10,104.56
1993-08-11,103.63
1993-08-12,103.06
1993-08-13,101.95
1993-08-16,101.5
1993-08-17,100.98
1993-08-18,101.57
1993-08-19,105.75
1993-08-20,104.35
1993-08-23,103.02
1993-08-24,103.71
1993-08-25,104.96
1993-08-26,104.35
1993-08-27,103.7
1993-08-30,103.72
1993-08-31,104.72
1993-09-01,105.38
1993-09-02,105.85
1993-09-03,104.55
1993-09-06,104.45
1993-09-07,104.12
1993-09-08,105.45
1993-09-09,105.3
1993-09-10,105.97
1993-09-13,106.3
1993-09-14,105.8
1993-09-15,105.72
1993-09-16,104.05
1993-09-17,104.42
1993-09-20,104.5
1993-09-21,106.62
1993-09-22,106.25
1993-09-23,105.78
1993-09-24,105.9
1993-09-27,106.21
1993-09-28,104.99
1993-09-29,105.01
1993-09-30,106.16
1993-10-01,105.97
1993-10-04,105.6
1993-10-05,105.85
1993-10-06,105.64
1993-10-07,104.95
1993-10-08,106.15
1993-10-11,106.15
1993-10-12,105.96
1993-10-13,105.83
1993-10-14,107.3
1993-10-15,107.1
1993-10-18,107.47
1993-10-19,107.07
1993-10-20,107.35
1993-10-21,108.07
1993-10-22,108.0
1993-10-25,108.6
1993-10-26,108.2
1993-10-27,108.68
1993-10-28,108.11
1993-10-29,108.57
1993-11-01,108.15
1993-11-02,107.75
1993-11-03,107.6
1993-11-04,108.13
1993-11-05,108.22
1993-11-08,107.83
1993-11-09,107.9
1993-11-10,107.1
1993-11-11,106.35
1993-11-12,105.75
1993-11-15,106.66
1993-11-16,106.73
1993-11-17,106.8
1993-11-18,107.27
1993-11-19,108.45
1993-11-22,108.46
1993-11-23,108.65
1993-11-24,108.13
1993-11-25,108.32
1993-11-26,108.8
1993-11-29,109.2
1993-11-30,109.06
1993-12-01,108.75
1993-12-02,108.83
1993-12-03,108.55
1993-12-06,107.86
1993-12-07,107.45
1993-12-08,108.85
1993-12-09,108.63
1993-12-10,109.16
1993-12-13,108.93
1993-12-14,109.34
1993-12-15,109.77
1993-12-16,109.5
1993-12-17,110.15
1993-12-20,110.59
1993-12-21,111.1
1993-12-22,110.35
1993-12-23,110.6
1993-12-24,110.75
1993-12-27,111.4
1993-12-28,111.39
1993-12-29,111.73
1993-12-30,111.8
1993-12-31,111.8
1994-01-03,112.62
1994-01-04,112.62
1994-01-05,112.95
1994-01-06,112.6
1994-01-07,111.83
1994-01-10,112.23
1994-01-11,112.37
1994-01-12,112.25
1994-01-13,111.79
1994-01-14,110.9
1994-01-17,111.04
1994-01-18,110.75
1994-01-19,111.35
1994-01-20,111.34
1994-01-21,111.55
1994-01-24,111.67
1994-01-25,110.9
1994-01-26,110.07
1994-01-27,108.55
1994-01-28,109.78
1994-01-31,108.55
1994-02-01,107.62
1994-02-02,108.0
1994-02-03,108.11
1994-02-04,109.25
1994-02-07,108.6
1994-02-08,108.73
1994-02-09,108.35
1994-02-10,108.15
1994-02-11,106.8
1994-02-14,105.7
1994-02-15,103.75
1994-02-16,103.75
1994-02-17,104.15
1994-02-18,104.59
1994-02-21,106.37
1994-02-22,105.6
1994-02-23,105.7
1994-02-24,104.85
1994-02-25,104.8
1994-02-28,104.5
1994-03-01,104.54
1994-03-02,104.15
1994-03-03,103.89
1994-03-04,105.55
1994-03-07,105.52
1994-03-08,105.24
1994-03-09,105.75
1994-03-10,105.26
1994-03-11,104.97
1994-03-14,106.1
1994-03-15,106.0
1994-03-16,105.94
1994-03-17,105.72
1994-03-18,106.12
1994-03-21,105.84
1994-03-22,106.01
1994-03-23,106.25
1994-03-24,104.54
1994-03-25,104.8
1994-03-28,104.01
1994-03-29,103.1
1994-03-30,102.81
1994-03-31,102.65
1994-04-01,103.6
1994-04-04,103.14
1994-04-05,104.4
1994-04-06,104.57
1994-04-07,104.91
1994-04-08,105.25
1994-04-11,103.36
1994-04-12,103.65
1994-04-13,103.34
1994-04-14,104.21
1994-04-15,103.5
1994-04-18,103.15
1994-04-19,103.22
1994-04-20,102.98
1994-04-21,103.52
1994-04-22,103.15
1994-04-25,103.1
1994-04-26,102.78
1994-04-27,102.36
1994-04-28,101.31
1994-04-29,101.55
1994-05-02,101.55
1994-05-03,100.97
1994-05-04,101.83
1994-05-05,102.9
1994-05-06,102.38
1994-05-09,102.78
1994-05-10,104.42
1994-05-11,104.25
1994-05-12,104.22
1994-05-13,105.05
1994-05-16,104.7
1994-05-17,104.65
1994-05-18,103.45
1994-05-19,104.25
1994-05-20,104.15
1994-05-23,104.33
1994-05-24,104.66
1994-05-25,104.34
1994-05-26,104.51
1994-05-27,104.25
1994-05-30,104.53
1994-05-31,104.7
1994-06-01,104.52
1994-06-02,104.8
1994-06-03,105.37
1994-06-06,105.24
1994-06-07,104.27
1994-06-08,103.92
1994-06-09,103.91
1994-06-10,103.5
1994-06-13,102.85
1994-06-14,102.76
1994-06-15,102.7
1994-06-16,103.39
1994-06-17,102.74
1994-06-20,101.98
1994-06-21,100.24
1994-06-22,101.12
1994-06-23,101.43
1994-06-24,100.47
1994-06-27,100.5
1994-06-28,99.8
1994-06-29,98.7
1994-06-30,98.35
1994-07-01,98.7
1994-07-04,98.93
1994-07-05,98.95
1994-07-06,98.94
1994-07-07,98.65
1994-07-08,98.05
1994-07-11,97.55
1994-07-12,97.42
1994-07-13,98.23
1994-07-14,98.52
1994-07-15,97.8
1994-07-18,98.49
1994-07-19,99.1
1994-07-20,98.75
1994-07-21,99.1
1994-07-22,98.9
1994-07-25,98.54
1994-07-26,98.26
1994-07-27,98.41
1994-07-28,99.95
1994-07-29,100.04
1994-08-01,99.33
1994-08-02,100.38
1994-08-03,100.23
1994-08-04,100.57
1994-08-05,100.2
1994-08-08,101.45
1994-08-09,101.15
1994-08-10,101.32
1994-08-11,100.14
1994-08-12,100.1
1994-08-15,100.11
1994-08-16,100.56
1994-08-17,100.08
1994-08-18,98.65
1994-08-19,98.65
1994-08-22,97.83
1994-08-23,97.84
1994-08-24,99.05
1994-08-25,99.58
1994-08-26,100.38
1994-08-29,99.99
1994-08-30,99.53
1994-08-31,100.05
1994-09-01,99.69
1994-09-02,99.1
1994-09-05,99.26
1994-09-06,98.7
1994-09-07,99.37
1994-09-08,99.55
1994-09-09,99.15
1994-09-12,99.21
1994-09-13,98.75
1994-09-14,99.15
1994-09-15,99.41
1994-09-16,98.9
1994-09-19,98.5
1994-09-20,97.68
1994-09-21,97.78
1994-09-22,98.04
1994-09-23,97.85
1994-09-26,98.71
1994-09-27,97.94
1994-09-28,98.95
1994-09-29,98.54
1994-09-30,99.2
1994-10-03,99.57
1994-10-04,99.55
1994-10-05,99.56
1994-10-06,99.85
1994-10-07,100.58
1994-10-10,100.34
1994-10-11,100.24
1994-10-12,99.72
1994-10-13,99.32
1994-10-14,98.21
1994-10-17,97.71
1994-10-18,97.65
1994-10-19,97.35
1994-10-20,96.95
1994-10-21,97.15
1994-10-24,97.02
1994-10-25,96.95
1994-10-26,96.77
1994-10-27,97.12
1994-10-28,97.33
1994-10-31,96.89
1994-11-01,96.64
1994-11-02,97.6
1994-11-03,97.7
1994-11-04,97.45
1994-11-07,97.3
1994-11-08,97.1
1994-11-09,97.75
1994-11-10,97.71
1994-11-11,97.7
1994-11-14,98.2
1994-11-15,98.73
1994-11-16,98.33
1994-11-17,98.31
1994-11-18,98.52
1994-11-21,98.34
1994-11-22,98.3
1994-11-23,98.43
1994-11-24,98.43
1994-11-25,98.75
1994-11-28,98.55
1994-11-29,98.95
1994-11-30,98.9
1994-12-01,99.29
1994-12-02,100.5
1994-12-05,100.38
1994-12-06,100.03
1994-12-07,99.91
1994-12-08,100.49
1994-12-09,100.1
1994-12-12,99.95
1994-12-13,100.25
1994-12-14,100.27
1994-12-15,100.35
1994-12-16,100.2
1994-12-19,100.11
1994-12-20,100.17
1994-12-21,100.43
1994-12-22,100.2
1994-12-23,100.07
1994-12-26,100.05
1994-12-27,100.3
1994-12-28,99.25
1994-12-29,99.6
1994-12-30,99.7
1995-01-02,100.14
1995-01-03,100.65
1995-01-04,101.31
1995-01-05,100.9
1995-01-06,101.3
1995-01-09,99.92
1995-01-10,100.06
1995-01-11,99.99
1995-01-12,98.62
1995-01-13,98.55
1995-01-16,98.4
1995-01-17,99.11
1995-01-18,99.69
1995-01-19,99.06
1995-01-20,99.37
1995-01-23,99.73
1995-01-24,99.73
1995-01-25,99.5
1995-01-26,99.38
1995-01-27,99.37
1995-01-30,98.4
1995-01-31,99.55
1995-02-01,99.19
1995-02-02,99.4
1995-02-03,99.8
1995-02-06,99.32
1995-02-07,99.46
1995-02-08,98.91
1995-02-09,98.88
1995-02-10,98.91
1995-02-13,98.7
1995-02-14,98.52
1995-02-15,98.3
1995-02-16,97.4
1995-02-17,97.27
1995-02-20,97.3
1995-02-21,97.05
1995-02-22,96.96
1995-02-23,96.7
1995-02-24,96.95
1995-02-27,97.05
1995-02-28,96.72
1995-03-01,96.7
1995-03-02,95.25
1995-03-03,94.1
1995-03-06,92.83
1995-03-07,90.15
1995-03-08,91.28
1995-03-09,90.7
1995-03-10,90.9
1995-03-13,90.71
1995-03-14,90.85
1995-03-15,89.43
1995-03-16,90.19
1995-03-17,89.1
1995-03-20,89.33
1995-03-21,89.17
1995-03-22,89.02
1995-03-23,88.13
1995-03-24,88.95
1995-03-27,89.36
1995-03-28,88.9
1995-03-29,88.33
1995-03-30,89.58
1995-03-31,86.6
1995-04-03,85.75
1995-04-04,86.1
1995-04-05,86.15
1995-04-06,84.85
1995-04-07,83.9
1995-04-10,83.9
1995-04-11,83.49
1995-04-12,83.7
1995-04-13,83.65
1995-04-14,83.29
1995-04-17,81.9
1995-04-18,80.62
1995-04-19,81.32
1995-04-20,83.25
1995-04-21,82.52
1995-04-24,83.0
1995-04-25,81.85
1995-04-26,83.56
1995-04-27,83.7
1995-04-28,84.25
1995-05-01,83.46
1995-05-02,83.55
1995-05-03,83.67
1995-05-04,83.85
1995-05-05,83.95
1995-05-08,83.15
1995-05-09,83.31
1995-05-10,83.77
1995-05-11,85.7
1995-05-12,86.7
1995-05-15,86.41
1995-05-16,86.6
1995-05-17,86.85
1995-05-18,86.76
1995-05-19,86.86
1995-05-22,87.3
1995-05-23,87.12
1995-05-24,87.13
1995-05-25,84.8
1995-05-26,82.78
1995-05-29,82.82
1995-05-30,82.9
1995-05-31,84.54
1995-06-01,84.69
1995-06-02,84.3
1995-06-05,84.9
1995-06-06,84.72
1995-06-07,84.89
1995-06-08,84.54
1995-06-09,84.29
1995-06-12,84.03
1995-06-13,84.62
1995-06-14,84.32
1995-06-15,84.55
1995-06-16,84.67
1995-06-19,84.58
1995-06-20,84.5
1995-06-21,83.95
1995-06-22,84.46
1995-06-23,84.3
1995-06-26,84.26
1995-06-27,84.19
1995-06-28,85.53
1995-06-29,84.35
1995-06-30,84.6
1995-07-03,84.68
1995-07-04,84.76
1995-07-05,84.85
1995-07-06,84.95
1995-07-07,86.7
1995-07-10,86.88
1995-07-11,87.55
1995-07-12,87.25
1995-07-13,87.29
1995-07-14,87.8
1995-07-17,89.05
1995-07-18,88.32
1995-07-19,87.28
1995-07-20,88.09
1995-07-21,88.47
1995-07-24,87.62
1995-07-25,87.97
1995-07-26,87.9
1995-07-27,88.11
1995-07-28,88.1
1995-07-31,88.43
1995-08-01,88.07
1995-08-02,91.13
1995-08-03,90.31
1995-08-04,91.35
1995-08-07,91.38
1995-08-08,91.49
1995-08-09,91.58
1995-08-10,92.72
1995-08-11,93.95
1995-08-14,93.6
1995-08-15,97.2
1995-08-16,98.05
1995-08-17,97.15
1995-08-18,97.4
1995-08-21,97.16
1995-08-22,96.88
1995-08-23,96.47
1995-08-24,96.65
1995-08-25,96.65
1995-08-28,96.73
1995-08-29,98.18
1995-08-30,99.05
1995-08-31,97.45
1995-09-01,97.35
1995-09-04,97.6
1995-09-05,97.64
1995-09-06,98.85
1995-09-07,99.05
1995-09-08,99.7
1995-09-11,99.97
1995-09-12,101.05
1995-09-13,102.66
1995-09-14,102.3
1995-09-15,104.1
1995-09-18,103.09
1995-09-19,104.45
1995-09-20,102.5
1995-09-21,99.0
1995-09-22,100.05
1995-09-25,100.5
1995-09-26,100.93
1995-09-27,100.4
1995-09-28,99.14
1995-09-29,99.8
1995-10-02,100.3
1995-10-03,101.55
1995-10-04,100.82
1995-10-05,99.64
1995-10-06,100.4
1995-10-09,100.4
1995-10-10,100.88
1995-10-11,101.05
1995-10-12,100.13
1995-10-13,100.94
1995-10-16,100.65
1995-10-17,100.3
1995-10-18,100.73
1995-10-19,100.3
1995-10-20,100.25
1995-10-23,99.92
1995-10-24,100.45
1995-10-25,101.1
1995-10-26,101.35
1995-10-27,101.81
1995-10-30,101.93
1995-10-31,102.0
1995-11-01,103.2
1995-11-02,104.0
1995-11-03,103.8
1995-11-06,103.3
1995-11-07,102.95
1995-11-08,102.57
1995-11-09,100.37
1995-11-10,100.83
1995-11-13,101.8
1995-11-14,101.65
1995-11-15,101.46
1995-11-16,102.04
1995-11-17,102.1
1995-11-20,101.15
1995-11-21,101.5
1995-11-22,100.85
1995-11-23,100.68
1995-11-24,101.45
1995-11-27,101.71
1995-11-28,101.2
1995-11-29,101.5
1995-11-30,102.13
1995-12-01,101.1
1995-12-04,101.29
1995-12-05,101.25
1995-12-06,101.54
1995-12-07,101.4
1995-12-08,101.2
1995-12-11,101.1
1995-12-12,101.79
1995-12-13,101.65
1995-12-14,101.5
1995-12-15,102.0
1995-12-18,101.43
1995-12-19,101.95
1995-12-20,101.7
1995-12-21,101.78
1995-12-22,102.27
1995-12-25,102.25
1995-12-26,102.27
1995-12-27,102.85
1995-12-28,102.65
1995-12-29,103.35
1996-01-02,103.92
1996-01-03,104.85
1996-01-04,105.18
1996-01-05,105.36
1996-01-08,105.15
1996-01-09,104.4
1996-01-10,104.77
1996-01-11,104.8
1996-01-12,105.2
1996-01-15,105.26
1996-01-16,105.96
1996-01-17,105.7
1996-01-18,105.55
1996-01-19,105.32
1996-01-22,105.73
1996-01-23,105.84
1996-01-24,106.95
1996-01-25,106.88
1996-01-26,106.6
1996-01-29,106.75
1996-01-30,107.22
1996-01-31,107.05
1996-02-01,106.7
1996-02-02,106.4
1996-02-05,105.19
1996-02-06,105.1
1996-02-07,106.07
1996-02-08,107.05
1996-02-09,106.98
1996-02-12,106.84
1996-02-13,106.75
1996-02-14,106.24
1996-02-15,105.5
1996-02-16,105.15
1996-02-19,104.01
1996-02-20,105.62
1996-02-21,104.85
1996-02-22,105.0
1996-02-23,104.8
1996-02-26,104.31
1996-02-27,104.31
1996-02-28,104.55
1996-02-29,105.25
1996-03-01,105.32
1996-03-04,105.26
1996-03-05,105.2
1996-03-06,105.4
1996-03-07,105.3
1996-03-08,105.72
1996-03-11,105.41
1996-03-12,105.28
1996-03-13,105.12
1996-03-14,105.52
1996-03-15,105.76
1996-03-18,106.07
1996-03-19,106.13
1996-03-20,106.4
1996-03-21,106.8
1996-03-22,106.8
1996-03-25,106.14
1996-03-26,106.41
1996-03-27,106.56
1996-03-28,106.23
1996-03-29,107.17
1996-04-01,107.61
1996-04-02,107.55
1996-04-03,106.96
1996-04-04,107.02
1996-04-05,107.63
1996-04-08,107.71
1996-04-09,108.29
1996-04-10,108.33
1996-04-11,108.57
1996-04-12,108.62
1996-04-15,108.5
1996-04-16,108.1
1996-04-17,108.15
1996-04-18,106.7
1996-04-19,107.3
1996-04-22,106.69
1996-04-23,106.73
1996-04-24,106.5
1996-04-25,106.72
1996-04-26,105.4
1996-04-29,104.85
1996-04-30,105.0
1996-05-01,105.33
1996-05-02,104.31
1996-05-03,105.0
1996-05-06,104.92
1996-05-07,105.2
1996-05-08,105.12
1996-05-09,104.5
1996-05-10,105.45
1996-05-13,105.0
1996-05-14,105.8
1996-05-15,106.85
1996-05-16,106.52
1996-05-17,106.77
1996-05-20,107.05
1996-05-21,107.15
1996-05-22,107.09
1996-05-23,106.87
1996-05-24,107.85
1996-05-27,107.83
1996-05-28,108.82
1996-05-29,108.1
1996-05-30,107.72
1996-05-31,108.04
1996-06-03,108.41
1996-06-04,108.8
1996-06-05,109.03
1996-06-06,109.07
1996-06-07,109.27
1996-06-10,109.05
1996-06-11,109.49
1996-06-12,108.92
1996-06-13,108.65
1996-06-14,109.18
1996-06-17,109.0
1996-06-18,107.75
1996-06-19,107.96
1996-06-20,108.16
1996-06-21,109.12
1996-06-24,108.89
1996-06-25,108.88
1996-06-26,109.51
1996-06-27,109.05
1996-06-28,109.7
1996-07-01,109.65
1996-07-02,110.31
1996-07-03,110.25
1996-07-04,110.37
1996-07-05,110.77
1996-07-08,110.79
1996-07-09,110.4
1996-07-10,110.35
1996-07-11,110.25
1996-07-12,110.87
1996-07-15,110.23
1996-07-16,109.32
1996-07-17,108.6
1996-07-18,108.35
1996-07-19,107.79
1996-07-22,107.4
1996-07-23,107.8
1996-07-24,108.4
1996-07-25,108.21
1996-07-26,108.3
1996-07-29,108.16
1996-07-30,107.93
1996-07-31,106.8
1996-08-01,107.06
1996-08-02,106.78
1996-08-05,106.53
1996-08-06,106.78
1996-08-07,107.99
1996-08-08,108.23
1996-08-09,108.19
1996-08-12,107.65
1996-08-13,107.63
1996-08-14,108.08
1996-08-15,107.8
1996-08-16,107.69
1996-08-19,107.8
1996-08-20,108.29
1996-08-21,108.45
1996-08-22,108.25
1996-08-23,108.09
1996-08-26,107.69
1996-08-27,107.65
1996-08-28,108.42
1996-08-29,108.35
1996-08-30,108.92
1996-09-02,109.1
1996-09-03,109.23
1996-09-04,108.78
1996-09-05,109.2
1996-09-06,109.2
1996-09-09,109.23
1996-09-10,109.72
1996-09-11,110.23
1996-09-12,110.14
1996-09-13,110.37
1996-09-16,110.16
1996-09-17,110.25
1996-09-18,109.14
1996-09-19,109.41
1996-09-20,109.98
1996-09-23,109.9
1996-09-24,109.19
1996-09-25,110.38
1996-09-26,110.65
1996-09-27,110.81
1996-09-30,111.36
1996-10-01,111.44
1996-10-02,111.85
1996-10-03,111.42
1996-10-04,111.83
1996-10-07,111.09
1996-10-08,111.65
1996-10-09,111.55
1996-10-10,111.15
1996-10-11,111.52
1996-10-14,111.64
1996-10-15,112.22
1996-10-16,112.25
1996-10-17,112.2
1996-10-18,112.4
1996-10-21,112.7
1996-10-22,112.34
1996-10-23,112.9
1996-10-24,112.84
1996-10-25,113.4
1996-10-28,114.2
1996-10-29,114.3
1996-10-30,114.13
1996-10-31,114.0
1996-11-01,113.33
1996-11-04,113.78
1996-11-05,114.22
1996-11-06,114.0
1996-11-07,112.15
1996-11-08,111.73
1996-11-11,111.09
1996-11-12,111.45
1996-11-13,111.7
1996-11-14,111.5
1996-11-15,110.98
1996-11-18,111.48
1996-11-19,111.6
1996-11-20,111.51
1996-11-21,111.25
1996-11-22,111.41
1996-11-25,112.65
1996-11-26,112.5
1996-11-27,113.2
1996-11-28,113.68
1996-11-29,113.85
1996-12-02,114.55
1996-12-03,113.25
1996-12-04,113.13
1996-12-05,112.35
1996-12-06,112.86
1996-12-09,113.45
1996-12-10,113.41
1996-12-11,112.93
1996-12-12,113.15
1996-12-13,113.9
1996-12-16,113.83
1996-12-17,113.85
1996-12-18,113.66
1996-12-19,113.98
1996-12-20,114.25
1996-12-23,114.05
1996-12-24,114.36
1996-12-25,114.6
1996-12-26,114.9
1996-12-27,115.25
1996-12-30,116.08
1996-12-31,115.9
1997-01-02,115.6
1997-01-03,116.28
1997-01-06,115.75
1997-01-07,115.25
1997-01-08,115.73
1997-01-09,116.36
1997-01-10,116.05
1997-01-13,116.45
1997-01-14,116.86
1997-01-15,116.85
1997-01-16,116.48
1997-01-17,117.3
1997-01-20,117.98
1997-01-21,117.9
1997-01-22,118.96
1997-01-23,119.31
1997-01-24,118.9
1997-01-27,119.5
1997-01-28,121.05
1997-01-29,122.16
1997-01-30,121.78
1997-01-31,121.4
1997-02-03,121.64
1997-02-04,122.43
1997-02-05,123.35
1997-02-06,123.73
1997-02-07,122.9
1997-02-10,122.75
1997-02-11,123.3
1997-02-12,124.22
1997-02-13,124.35
1997-02-14,124.3
1997-02-17,124.3
1997-02-18,123.85
1997-02-19,124.43
1997-02-20,122.42
1997-02-21,123.25
1997-02-24,122.18
1997-02-25,121.6
1997-02-26,122.02
1997-02-27,120.62
1997-02-28,120.1
1997-03-03,121.24
1997-03-04,122.14
1997-03-05,121.1
1997-03-06,121.12
1997-03-07,121.9
1997-03-10,121.6
1997-03-11,121.8
1997-03-12,122.1
1997-03-13,123.4
1997-03-14,123.4
1997-03-17,123.7
1997-03-18,122.45
1997-03-19,122.75
1997-03-20,123.72
1997-03-21,122.75
1997-03-24,122.94
1997-03-25,123.74
1997-03-26,124.05
1997-03-27,123.61
1997-03-28,124.08
1997-03-31,123.75
1997-04-01,121.73
1997-04-02,123.25
1997-04-03,122.57
1997-04-04,124.27
1997-04-07,125.69
1997-04-08,126.29
1997-04-09,126.8
1997-04-10,125.65
1997-04-11,126.1
1997-04-14,126.55
1997-04-15,126.0
1997-04-16,125.8
1997-04-17,125.9
1997-04-18,125.8
1997-04-21,125.36
1997-04-22,126.3
1997-04-23,126.05
1997-04-24,126.1
1997-04-25,126.25
1997-04-28,126.85
1997-04-29,126.83
1997-04-30,127.08
1997-05-01,126.5
1997-05-02,126.65
1997-05-05,126.62
1997-05-06,125.37
1997-05-07,125.1
1997-05-08,123.65
1997-05-09,120.0
1997-05-12,119.35
1997-05-13,118.44
1997-05-14,116.9
1997-05-15,115.75
1997-05-16,115.75
1997-05-19,115.62
1997-05-20,112.65
1997-05-21,114.25
1997-05-22,116.05
1997-05-23,115.5
1997-05-26,116.23
1997-05-27,116.62
1997-05-28,115.65
1997-05-29,116.3
1997-05-30,116.15
1997-06-02,116.6
1997-06-03,116.0
1997-06-04,116.35
1997-06-05,115.6
1997-06-06,114.2
1997-06-09,112.95
1997-06-10,112.25
1997-06-11,111.3
1997-06-12,114.25
1997-06-13,114.84
1997-06-16,113.18
1997-06-17,113.2
1997-06-18,113.5
1997-06-19,114.2
1997-06-20,114.9
1997-06-23,114.73
1997-06-24,114.8
1997-06-25,113.75
1997-06-26,113.15
1997-06-27,114.55
1997-06-30,114.55
1997-07-01,114.85
1997-07-02,114.4
1997-07-03,113.61
1997-07-04,114.2
1997-07-07,112.7
1997-07-08,113.23
1997-07-09,112.71
1997-07-10,113.1
1997-07-11,114.2
1997-07-14,113.78
1997-07-15,115.6
1997-07-16,115.55
1997-07-17,115.8
1997-07-18,115.45
1997-07-21,116.15
1997-07-22,115.1
1997-07-23,115.6
1997-07-24,116.02
1997-07-25,116.88
1997-07-28,117.8
1997-07-29,118.35
1997-07-30,118.15
1997-07-31,118.5
1997-08-01,118.4
1997-08-04,118.1
1997-08-05,119.2
1997-08-06,118.53
1997-08-07,118.38
1997-08-08,114.55
1997-08-11,116.1
1997-08-12,116.3
1997-08-13,115.7
1997-08-14,117.8
1997-08-15,117.35
1997-08-18,117.95
1997-08-19,118.2
1997-08-20,117.65
1997-08-21,117.14
1997-08-22,118.38
1997-08-25,118.7
1997-08-26,118.0
1997-08-27,118.72
1997-08-28,118.87
1997-08-29,120.85
1997-09-01,120.85
1997-09-02,121.47
1997-09-03,120.8
1997-09-04,121.05
1997-09-05,121.15
1997-09-08,121.1
1997-09-09,118.74
1997-09-10,119.07
1997-09-11,119.57
1997-09-12,120.95
1997-09-15,120.15
1997-09-16,121.22
1997-09-17,120.9
1997-09-18,121.8
1997-09-19,122.13
1997-09-22,121.81
1997-09-23,122.01
1997-09-24,120.25
1997-09-25,121.08
1997-09-26,121.15
1997-09-29,120.82
1997-09-30,120.5
1997-10-01,120.88
1997-10-02,121.7
1997-10-03,122.04
1997-10-06,121.9
1997-10-07,122.4
1997-10-08,121.1
1997-10-09,121.15
1997-10-10,120.05
1997-10-13,121.0
1997-10-14,121.66
1997-10-15,121.0
1997-10-16,119.67
1997-10-17,120.73
1997-10-20,121.1
1997-10-21,120.85
1997-10-22,120.75
1997-10-23,121.83
1997-10-24,122.08
1997-10-27,121.55
1997-10-28,120.53
1997-10-29,120.8
1997-10-30,119.99
1997-10-31,120.37
1997-11-03,121.42
1997-11-04,122.0
1997-11-05,123.06
1997-11-06,123.23
1997-11-07,124.3
1997-11-10,124.37
1997-11-11,124.8
1997-11-12,126.5
1997-11-13,125.76
1997-11-14,125.35
1997-11-17,125.55
1997-11-18,126.1
1997-11-19,127.01
1997-11-20,125.88
1997-11-21,126.47
1997-11-24,126.81
1997-11-25,127.26
1997-11-26,126.99
1997-11-27,126.9
1997-11-28,127.85
1997-12-01,128.55
1997-12-02,128.58
1997-12-03,128.76
1997-12-04,129.32
1997-12-05,130.22
1997-12-08,130.35
1997-12-09,129.71
1997-12-10,129.4
1997-12-11,129.79
1997-12-12,130.3
1997-12-15,130.83
1997-12-16,130.75
1997-12-17,127.0
1997-12-18,128.67
1997-12-19,129.23
1997-12-22,130.12
1997-12-23,129.23
1997-12-24,129.7
1997-12-25,130.0
1997-12-26,130.4
1997-12-29,129.32
1997-12-30,130.08
1997-12-31,130.61
1998-01-02,132.38
1998-01-05,133.55
1998-01-06,133.67
1998-01-07,131.52
1998-01-08,132.6
1998-01-09,131.98
1998-01-12,132.66
1998-01-13,131.4
1998-01-14,130.93
1998-01-15,129.81
1998-01-16,129.23
1998-01-19,129.0
1998-01-20,128.4
1998-01-21,126.99
1998-01-22,127.15
1998-01-23,125.55
1998-01-26,126.48
1998-01-27,125.33
1998-01-28,125.03
1998-01-29,125.8
1998-01-30,127.0
1998-02-02,126.4
1998-02-03,125.78
1998-02-04,123.68
1998-02-05,123.55
1998-02-06,123.85
1998-02-09,124.08
1998-02-10,123.22
1998-02-11,123.49
1998-02-12,124.66
1998-02-13,125.14
1998-02-16,125.87
1998-02-17,126.5
1998-02-18,126.4
1998-02-19,125.92
1998-02-20,127.78
1998-02-23,127.79
1998-02-24,127.93
1998-02-25,128.48
1998-02-26,127.17
1998-02-27,126.1
1998-03-02,125.48
1998-03-03,126.18
1998-03-04,126.7
1998-03-05,127.86
1998-03-06,127.66
1998-03-09,127.78
1998-03-10,127.4
1998-03-11,129.4
1998-03-12,129.08
1998-03-13,127.8
1998-03-16,129.57
1998-03-17,128.8
1998-03-18,130.02
1998-03-19,130.79
1998-03-20,130.4
1998-03-23,130.45
1998-03-24,130.27
1998-03-25,128.82
1998-03-26,128.41
1998-03-27,130.3
1998-03-30,131.92
1998-03-31,133.1
1998-04-01,133.6
1998-04-02,133.67
1998-04-03,135.15
1998-04-06,134.7
1998-04-07,133.43
1998-04-08,131.35
1998-04-09,131.3
1998-04-10,128.62
1998-04-13,129.54
1998-04-14,129.47
1998-04-15,130.32
1998-04-16,131.73
1998-04-17,131.7
1998-04-20,132.1
1998-04-21,131.26
1998-04-22,130.41
1998-04-23,129.95
1998-04-24,131.13
1998-04-27,132.25
1998-04-28,132.2
1998-04-29,132.23
1998-04-30,132.72
1998-05-01,133.4
1998-05-04,132.98
1998-05-05,131.53
1998-05-06,133.12
1998-05-07,133.27
1998-05-08,132.85
1998-05-11,132.85
1998-05-12,133.95
1998-05-13,134.05
1998-05-14,133.63
1998-05-15,134.42
1998-05-18,136.1
1998-05-19,136.38
1998-05-20,135.95
1998-05-21,134.97
1998-05-22,135.8
1998-05-25,136.93
1998-05-26,137.8
1998-05-27,137.45
1998-05-28,138.75
1998-05-29,138.75
